{"best_model_name": "LSTM", "rmse": 1852997.8147428, "mae": 1376499.4468468605}